{
  "manifest-bundle.zip": 1607762686250,
  "manifest.json": 1607762686545,
  "model/StartPayload.json": 1607759790007,
  "model/models.js": 1607759540141,
  "controller/CAPEX_WF_StartUI.controller.js": 1607762673716,
  "Component.js": 1607759540137,
  "i18n/i18n.properties": 1607759540141,
  "Component-preload.js": 1607762686506,
  "controller/CAPEX_WF_StartUI-dbg.controller.js": 1607762673716,
  "model/models-dbg.js": 1607759540141,
  "Component-dbg.js": 1607759540137,
  "resources.json": 1607762686549,
  "view/CAPEX_WF_StartUI.view.xml": 1607759962792,
  "css/style.css": 1607759540141,
  "index.html": 1607761520169
}