{
  "resources.json": 1612405205628,
  "manifest.json": 1612405205625,
  "model/StartPayload.json": 1607759790000,
  "model/models.js": 1607759540000,
  "controller/CAPEX_WF_StartUI.controller.js": 1607762673000,
  "Component.js": 1607759540000,
  "manifest-bundle.zip": 1612405204729,
  "Component-preload.js": 1612405205526,
  "model/models-dbg.js": 1607759540000,
  "controller/CAPEX_WF_StartUI-dbg.controller.js": 1607762673000,
  "Component-dbg.js": 1607759540000,
  "i18n/i18n.properties": 1607759540000,
  "view/CAPEX_WF_StartUI.view.xml": 1607759962000,
  "css/style.css": 1607759540000,
  "index.html": 1607761520000
}